Record ID,Domains,Name,Description,Team,Categories,Primary location,Logo URL,AngelList,Facebook,Instagram,LinkedIn,Twitter,Twitter follower count,Estimated ARR,Funding raised,Foundation date,Employee range,First calendar interaction,Last calendar interaction,Next calendar interaction,First email interaction,Last email interaction,First interaction,Last interaction,Next interaction,Connection strength (legacy),Connection strength,Strongest connection,Associated deals,Industry,Relationship,GTM segment,Owner
208495b8-3fb3-4894-afc1-19ba6973614d,modelguide.ai,model:guide,San Francisco-based gtm engineering consultancy.,,,"San Francisco, USA",,,,,,,,,,,1-10,,,,,,,,,,,,,GTM engineering consultancy,Organizer,GTM Service / Agency,Artur Wala
2084b5cc-aa18-4278-add7-27e152fb2147,wayve.ai,Wayve,London-HQ'd embodied ai / autonomous driving.,,,"London, UK",,,,,https://www.linkedin.com/company/wayve,,,,,,1K-5K,,,,,,,,,,,,,Embodied AI / autonomous driving,Organizer,AI / Infra,Artur Wala
2084e1d8-f119-4742-a46f-54e172656db6,techtree.dev,TechTree,Warsaw-based ai tech recruiting.,,,"Warsaw, Poland",,,,,,,,,,,11-50,,,,,,,,,,,,,AI tech recruiting,Organizer,AI / Infra,Krzysztof Pawlak
208a4e8e-c4c5-4f3b-abe3-1ac35974907f,inovo.vc,Inovo.vc,Warsaw-based vc — cee seed.,,,"Warsaw, Poland",,,,,https://www.linkedin.com/company/inovo-vc,,,,,,11-50,,,,,,,,,,,,,VC — CEE seed,Organizer,Investor,Artur Wala
2084cbc4-f734-4f3f-a220-e643235e8933,wonderful.ai,Wonderful,Tel Aviv-based ai customer service agents.,,,"Tel Aviv, Israel",,,,,,,,,,,51-250,,,,,,,,,,,,,AI customer service agents,Past Sponsor,AI / Infra,Artur Wala
208c21bb-9c3d-4a64-a6ed-db9ff9748ec3,cms.law,CMS,London-HQ'd law & tax firm.,,,"London, UK",,,,,,,,,,,5K-10K,,,,,2026-05-18,,2026-05-18,,,4.9,Krzysztof Pawlak,CMS — GTM Tech Week London 2027 (Sponsorship),Law & tax firm,Past Sponsor,RevTech / GTM SaaS,Krzysztof Pawlak
20810af8-de87-4c53-a6a9-4882d4343127,livespace.io,Livespace,Warsaw-based b2b sales crm.,,,"Warsaw, Poland",,,,,https://www.linkedin.com/company/livespace,,,,,,11-50,,,,,2026-06-08,,2026-06-08,,,4.6,Krzysztof Pawlak,Livespace — GTM Tech Week London 2027 (Sponsorship) [Warsaw renewal],B2B sales CRM,Past Sponsor,RevTech / GTM SaaS,Krzysztof Pawlak
20865f4d-e618-4d30-a620-228f57aca11b,getzowie.com,Zowie,Warsaw-based ai customer service.,,,"Warsaw, Poland",,,,,https://www.linkedin.com/company/zowie-ai,,,,,,51-250,,,,,,,,,,,,,AI customer service,Past Sponsor,AI / Infra,Krzysztof Pawlak
20828479-d8e9-42a4-a926-3d24d4b5f31d,surferseo.com,Surfer,Warsaw-based content / seo.,,,"Wrocław, Poland",,,,,https://www.linkedin.com/company/surferseo,,,,,,51-250,,,,,2026-06-09,,2026-06-09,,,2.1,Artur Wala,Surfer — GTM Tech Week London 2027 (Sponsorship) [Warsaw renewal],Content / SEO,Past Sponsor,RevTech / GTM SaaS,Artur Wala
2089a0e8-8b85-4e6b-a207-8b120468dd4a,viktor.com,Viktor,Warsaw-based ai coworker (slack/teams).,,,"Warsaw, Poland",,,,,,,,,,,11-50,,,,,2026-05-22,,2026-05-22,,,2.1,Krzysztof Pawlak,Viktor — GTM Tech Week London 2027 (Sponsorship),AI coworker (Slack/Teams),Past Sponsor,AI / Infra,Krzysztof Pawlak
208bf7c9-f46d-4648-a938-c806163ce863,zeema.pl,Zeema,Warsaw-based m&a advisory.,,,"Warsaw, Poland",,,,,,,,,,,,,,,,,,,,,,,,,Past Sponsor,RevTech / GTM SaaS,Artur Wala
20865f4c-84f9-4841-adb5-9a9581319a14,getzynt.com,ZYNT,Warsaw-based b2b buying-signal intelligence.,,,"Warsaw, Poland",,,,,,,,,,,1-10,,,,,,,,,,,,,B2B buying-signal intelligence,Past Sponsor,RevTech / GTM SaaS,Artur Wala
2084c11e-2fd7-4c5b-a195-f6f205a959cd,woodpecker.co,Woodpecker,Warsaw-based cold email / sales engagement.,,,"Wrocław, Poland",,,,,https://www.linkedin.com/company/woodpecker-co,,,,,,51-250,,,,,2026-06-12,,2026-06-12,,,3.4,Artur Wala,Woodpecker — GTM Tech Week London 2027 (Sponsorship) [Warsaw renewal] | Margaret Sikora — Speaker (London 2027),Cold email / sales engagement,Past Sponsor,AI / Infra,Artur Wala
2086c20b-3371-4a77-ae02-84e7811e3bec,grafit.agency,Grafit,Warsaw-based webflow design agency.,,,"Warsaw, Poland",,,,,,,,,,,11-50,,,,,2026-05-22,,2026-05-22,,,2.3,Krzysztof Pawlak,Grafit — GTM Tech Week London 2027 (Sponsorship),Webflow design agency,Past Sponsor,GTM Service / Agency,Krzysztof Pawlak
208c434c-8e46-4a04-ad11-988a62122155,cognee.ai,Cognee,Berlin-based ai memory infrastructure.,,,"Berlin, Germany",,,,,,,,,,,1-10,,,,,,,,,,,,,AI memory infrastructure,Past Sponsor,AI / Infra,Artur Wala
20842ca5-256e-4287-a1f2-ad8dab7a0aab,meaningfulsales.com,Meaningful Sales,Warsaw-based ai outbound sales agency.,,,"Wrocław, Poland",,,,,,,,,,,1-10,,,,,,,,,,,,,AI outbound sales agency,Past Sponsor,GTM Service / Agency,Krzysztof Pawlak
2082f78d-7222-496d-af2a-16035746656f,startup.google.com,Google for Startups,Warsaw-based startup program.,,,"Warsaw, Poland",,,,,,,,,,,,,,,,2026-06-13,,2026-06-13,,,1.3,Krzysztof Pawlak,Google for Startups — GTM Tech Week London 2027 (Sponsorship),,Past Sponsor,RevTech / GTM SaaS,Krzysztof Pawlak
208b891b-1f43-49dc-a4ba-188ffece2d44,pfr.pl,PFR,Warsaw-based state development fund.,,,"Warsaw, Poland",,,,,,,,,,,1K-5K,,,,,,,,,,,,,State development fund,Past Sponsor,AI / Infra,Artur Wala
208612db-24e3-4cd2-a49b-45eb1d14421b,gotosmith.eu,GOTOSMITH,Warsaw-based gtm engineering agency.,,,"Warsaw, Poland",,,,,,,,,,,1-10,,,,,,,,,,,,,GTM engineering agency,Past Sponsor,GTM Service / Agency,Artur Wala
20827c37-d80e-40dc-a052-878e8b853421,salesforge.ai,Salesforge,Tallinn-based ai sales engagement.,,,"Tallinn, Estonia",,,,,https://www.linkedin.com/company/salesforge,,,$1M-$10M,6000000,2023-01-01,51-250,,,,,,,,,,,,,AI sales engagement,Past Sponsor,AI / Infra,Artur Wala
2089ec50-3489-4249-a8f5-008ed4bea613,valueships.com,Valueships,Warsaw-based b2b saas pricing consultancy.,,,"Wrocław, Poland",,,,,https://www.linkedin.com/company/valueships,,,,,,11-50,,,,,,,,,,,,,B2B SaaS pricing consultancy,Past Sponsor,GTM Service / Agency,Artur Wala
20879b6d-6330-4ef8-a7b4-a016f4377ea1,userpilot.com,Userpilot,Austin-based product-led growth / onboarding.,,,"Austin, USA",,,,,https://www.linkedin.com/company/userpilot,,,,,,51-250,,,,,,,,,,,,,Product-led growth / onboarding,Past Sponsor,RevTech / GTM SaaS,Artur Wala
208af37e-7fc2-40f1-a0cb-f01747aeef21,brand24.com,Brand24,Warsaw-based social listening.,,,"Wrocław, Poland",,,,,https://www.linkedin.com/company/brand24,,,,,,51-250,,,,,2026-06-01,,2026-06-01,,,3.2,Artur Wala,Brand24 — GTM Tech Week London 2027 (Sponsorship) [Warsaw renewal],Social listening,Past Sponsor,RevTech / GTM SaaS,Artur Wala
208493ce-46a9-427a-a17f-44df47220e83,traffit.com,TRAFFIT,Warsaw-based recruitment ats.,,,"Gdynia, Poland",,,,,https://www.linkedin.com/company/traffit,,,,,,11-50,,,,,,,,,,,,,Recruitment ATS,Past Sponsor,RevTech / GTM SaaS,Krzysztof Pawlak
20860ce5-23b9-449f-af97-9054cc224cdf,neptune.ai,neptune.ai,Warsaw-based mlops / experiment tracking.,,,"Warsaw, Poland",,,,,https://www.linkedin.com/company/neptuneai,,,,,,51-250,,,,,,,,,,,,,MLOps / experiment tracking,Past Sponsor,RevTech / GTM SaaS,Artur Wala
208b3699-7630-4707-a06d-6f65a3604e93,proclaim.studio,proclaim.studio,Warsaw-based generative media automation.,,,"Warsaw, Poland",,,,,,,,,,,1-10,,,,,,,,,,,,,Generative media automation,Past Sponsor,GTM Service / Agency,Artur Wala
208c4349-6ed2-4200-a25c-b07481395862,cognism.com,Cognism,London-HQ'd sales intelligence / data.,,,"London, UK",,,,,https://www.linkedin.com/company/cognism,,,$50M-$100M,127500000,2015-01-01,251-1K,,,,,2026-05-18,,2026-05-18,,,3.6,Krzysztof Pawlak,Cognism — GTM Tech Week London 2027 (Sponsorship) | Jonathon Ilett — Speaker (London 2027) | James Isilay — Keynote (London 2027) | Liam Bartholomew — Speaker (London 2027),Sales intelligence / data,Sponsor Prospect,RevTech / GTM SaaS,Krzysztof Pawlak
20879e73-2c1e-431e-a661-521762107b34,attio.com,Attio,London-HQ'd crm.,,,"London, UK",,,,,https://www.linkedin.com/company/attio,,,$10M-$50M,73800000,2019-01-01,51-250,,,,,,,,,,,,,CRM,Sponsor Prospect,RevTech / GTM SaaS,Krzysztof Pawlak
208fce65-ba87-4e7e-a3ee-06c512f17c62,kaspr.io,Kaspr,Paris-based prospecting / data.,,,"Paris, France",,,,,https://www.linkedin.com/company/kaspr,,,,,,51-250,,,,,,,,,,,,,Prospecting / data,Sponsor Prospect,RevTech / GTM SaaS,Artur Wala
208953e7-b0bb-4551-af09-7d614a233439,operatix.net,Operatix,London-HQ'd outsourced sdr agency.,,,"London, UK",,,,,https://www.linkedin.com/company/operatix,,,,,,251-1K,,,,,2026-06-06,,2026-06-06,,,3.4,Krzysztof Pawlak,Operatix — GTM Tech Week London 2027 (Sponsorship),Outsourced SDR agency,Sponsor Prospect,GTM Service / Agency,Krzysztof Pawlak
2082bf17-02e7-4ebc-a73c-45e4dc366905,sopro.io,Sopro,Brighton-based managed prospecting agency.,,,"Brighton, UK",,,,,https://www.linkedin.com/company/sopro,,,,,,251-1K,,,,,,,,,,,,,Managed prospecting agency,Sponsor Prospect,GTM Service / Agency,Krzysztof Pawlak
208e4b2a-76e0-4900-a277-4e92fa7faa60,durhamlane.com,durhamlane,Newcastle-based sales acceleration agency.,,,"Newcastle, UK",,,,,https://www.linkedin.com/company/durhamlane,,,,,,,,,,,,,,,,,,,,Sponsor Prospect,GTM Service / Agency,Krzysztof Pawlak
20827c37-d8f2-4c50-ab78-6812bf9a34b7,salesfoundations.co.uk,Sales Foundations,London-HQ'd clay / gtm consultancy.,,,"London, UK",,,,,,,,,,,1-10,,,,,,,,,,,,,Clay / GTM consultancy,Sponsor Prospect,GTM Service / Agency,Krzysztof Pawlak
208981ea-a381-4ea8-a63a-e51662193a93,orrjo.com,ORRJO,London-HQ'd full-funnel outbound agency.,,,"London, UK",,,,,,,,,,,,,,,,,,,,,,,,,Sponsor Prospect,GTM Service / Agency,Krzysztof Pawlak
208d9dbf-d2cc-41db-a249-d715cbc31c05,jiminny.com,Jiminny,London-HQ'd conversation intelligence.,,,"London, UK",,,,,https://www.linkedin.com/company/jiminny,,,,,,51-250,,,,,,,,,,,,,Conversation intelligence,Sponsor Prospect,RevTech / GTM SaaS,Artur Wala
208b0bce-4282-4ddb-a59b-e489884dae3d,paddle.com,Paddle,London-HQ'd billing / merchant of record.,,,"London, UK",,,,,https://www.linkedin.com/company/paddle,,,$100M-$250M,293000000,2012-01-01,251-1K,,,,,2026-05-31,,2026-05-31,,,3.7,Krzysztof Pawlak,Andrew Davies — Speaker (London 2027),Billing / merchant of record,Sponsor Prospect,RevTech / GTM SaaS,Krzysztof Pawlak
2089f4e2-f8d3-43a8-a2df-1e6724ec3a89,velaris.io,Velaris,London-HQ'd customer success (ai).,,,"London, UK",,,,,https://www.linkedin.com/company/velaris,,,,,,11-50,,,,,,,,,,,,,Customer success (AI),Sponsor Prospect,AI / Infra,Krzysztof Pawlak
208b68c4-b9c2-4f56-a58c-450b8e3c64f2,poly.ai,PolyAI,London-HQ'd voice ai agents.,,,"London, UK",,,,,https://www.linkedin.com/company/polyai,,,,,,,,,,,2026-05-30,,2026-05-30,,,2.0,Artur Wala,PolyAI — GTM Tech Week London 2027 (Sponsorship),,Sponsor Prospect,AI / Infra,Artur Wala
2084e541-ef1d-422f-a852-b1ff571f109f,tessl.io,Tessl,London-HQ'd ai-native dev platform.,,,"London, UK",,,,,https://www.linkedin.com/company/tessl,,,,,,11-50,,,,,2026-05-24,,2026-05-24,,,4.7,Krzysztof Pawlak,Tessl — GTM Tech Week London 2027 (Sponsorship),AI-native dev platform,Sponsor Prospect,AI / Infra,Krzysztof Pawlak
2082486e-651a-4f38-a981-7c67f867218c,synthesia.io,Synthesia,London-HQ'd ai video platform.,,,"London, UK",,,,,https://www.linkedin.com/company/synthesia,,,$100M-$250M,330000000,2017-01-01,251-1K,,,,,2026-06-14,,2026-06-14,,,3.4,Artur Wala,Synthesia — GTM Tech Week London 2027 (Sponsorship),AI video platform,Sponsor Prospect,AI / Infra,Artur Wala
2088e989-06ec-42c2-a28b-c669a824dd76,huble.com,Huble,London-HQ'd hubspot elite partner.,,,"London, UK",,,,,https://www.linkedin.com/company/huble,,,,,,251-1K,,,,,2026-06-14,,2026-06-14,,,2.2,Artur Wala,Huble — GTM Tech Week London 2027 (Sponsorship),HubSpot Elite partner,Sponsor Prospect,RevTech / GTM SaaS,Artur Wala
20849318-02fa-4e11-a2db-42f5f1ecbb88,transmissionagency.com,Transmission,London-HQ'd b2b marketing agency.,,,"London, UK",,,,,https://www.linkedin.com/company/transmission-agency,,,,,,,,,,,2026-05-22,,2026-05-22,,,1.9,Krzysztof Pawlak,Transmission — GTM Tech Week London 2027 (Sponsorship),,Sponsor Prospect,GTM Service / Agency,Krzysztof Pawlak
20812d5a-7e86-43c6-a58d-ac5d9770a5dd,earnest-agency.com,Earnest,London-HQ'd b2b marketing agency.,,,"London, UK",,,,,,,,,,,51-250,,,,,,,,,,,,,B2B marketing agency,Sponsor Prospect,GTM Service / Agency,Krzysztof Pawlak
2086c2a5-095d-43e6-aefb-c70f6775efd9,gravityglobal.com,Gravity Global,London-HQ'd b2b full-service agency.,,,"London, UK",,,,,,,,,,,,,,,,2026-06-07,,2026-06-07,,,2.6,Krzysztof Pawlak,Gravity Global — GTM Tech Week London 2027 (Sponsorship),,Sponsor Prospect,GTM Service / Agency,Krzysztof Pawlak
2082f497-21bb-4769-a51e-fde945d276ec,steinb2b.com,Stein IAS,Manchester-based b2b marketing agency.,,,"Manchester, UK",,,,,,,,,,,,,,,,2026-05-19,,2026-05-19,,,3.9,Krzysztof Pawlak,Stein IAS — GTM Tech Week London 2027 (Sponsorship),,Sponsor Prospect,GTM Service / Agency,Krzysztof Pawlak
20874579-8188-4a28-adf0-d4305bcb1fcd,arisegtm.com,AriseGTM,Leeds-based revops / hubspot agency.,,,"Leeds, UK",,,,,,,,,,,11-50,,,,,2026-06-13,,2026-06-13,,,3.4,Krzysztof Pawlak,AriseGTM — GTM Tech Week London 2027 (Sponsorship),RevOps / HubSpot agency,Sponsor Prospect,GTM Service / Agency,Krzysztof Pawlak
208a72f9-39b3-4874-aadf-86af84db86dd,babelquest.co.uk,BabelQuest,Abingdon-based revops / hubspot agency.,,,"Abingdon, UK",,,,,,,,,,,51-250,,,,,,,,,,,,,RevOps / HubSpot agency,Sponsor Prospect,GTM Service / Agency,Krzysztof Pawlak
20842773-0d80-49b1-a928-19950d56f22d,theleadgenerationcompany.co.uk,The Lead Generation Company,London-based lead gen agency.,,,"London, UK",,,,,,,,,,,51-250,,,,,,,,,,,,,Lead gen agency,Sponsor Prospect,GTM Service / Agency,Krzysztof Pawlak
208b6851-6dad-48f5-ab1d-a7854c0a2985,polarisagency.com,Polaris Agency,London-based demand gen agency.,,,"London, UK",,,,,,,,,,,11-50,,,,,,,,,,,,,Demand gen agency,Sponsor Prospect,GTM Service / Agency,Krzysztof Pawlak
208c6372-f609-4814-aee0-1b8a4f645142,cremarc.com,Cremarc,Bournemouth-based demand gen / abm agency.,,,"Bournemouth, UK",,,,,,,,,,,11-50,,,,,2026-05-31,,2026-05-31,,,3.9,Krzysztof Pawlak,Cremarc — GTM Tech Week London 2027 (Sponsorship),Demand gen / ABM agency,Sponsor Prospect,GTM Service / Agency,Krzysztof Pawlak
2082faf8-622d-4654-ad77-db9691979ff3,strategic-ic.co.uk,Strategic IC,London-HQ'd inbound / abm consultancy.,,,"London, UK",,,,,,,,,,,11-50,,,,,2026-06-16,,2026-06-16,,,2.6,Artur Wala,Strategic IC — GTM Tech Week London 2027 (Sponsorship),Inbound / ABM consultancy,Sponsor Prospect,GTM Service / Agency,Artur Wala
2082b23f-6d48-4f7b-a1f9-905d0ea43e13,sixandflow.com,Six & Flow,Manchester-based revops / hubspot agency.,,,"Manchester, UK",,,,,,,,,,,11-50,,,,,2026-05-24,,2026-05-24,,,4.9,Krzysztof Pawlak,Six & Flow — GTM Tech Week London 2027 (Sponsorship),RevOps / HubSpot agency,Sponsor Prospect,GTM Service / Agency,Krzysztof Pawlak
2086cdf5-4a72-4c0b-a68f-6d7124e4ffdb,gripped.io,Gripped,London-HQ'd digital demand gen agency.,,,"London, UK",,,,,,,,,,,,,,,,,,,,,,,,,Sponsor Prospect,GTM Service / Agency,Krzysztof Pawlak
208c93a7-381b-4965-ac04-2ea3584bff04,clay.com,Clay,New York-based gtm data / automation.,,,"New York, USA",,,,,https://www.linkedin.com/company/clay-hq,,,$50M-$100M,204000000,2017-01-01,251-1K,,,,,,,,,,,,,GTM data / automation,Sponsor Prospect,RevTech / GTM SaaS,Artur Wala
20876ac3-8384-4f94-a29f-b3c46218fa12,apollo.io,Apollo.io,San Francisco-based sales intelligence / engagement.,,,"San Francisco, USA",,,,,https://www.linkedin.com/company/apolloio,,,$100M-$250M,251000000,2015-01-01,1K-5K,,,,,,,,,,,,,Sales intelligence / engagement,Sponsor Prospect,RevTech / GTM SaaS,Artur Wala
2089e978-5322-436c-a172-bdf73fa67ed8,outreach.io,Outreach,Seattle-based sales engagement.,,,"Seattle, USA",,,,,https://www.linkedin.com/company/outreach-io,,,$250M-$500M,489000000,2014-01-01,1K-5K,,,,,2026-06-17,,2026-06-17,,,1.1,Krzysztof Pawlak,Outreach — GTM Tech Week London 2027 (Sponsorship),Sales engagement,Sponsor Prospect,RevTech / GTM SaaS,Krzysztof Pawlak
20827c37-8182-4aa8-a61d-2ef6d28affaa,salesloft.com,Salesloft,Atlanta-based sales engagement.,,,"Atlanta, USA",,,,,https://www.linkedin.com/company/salesloft,,,$100M-$250M,245000000,2011-01-01,1K-5K,,,,,2026-05-27,,2026-05-27,,,2.4,Artur Wala,Salesloft — GTM Tech Week London 2027 (Sponsorship),Sales engagement,Sponsor Prospect,RevTech / GTM SaaS,Artur Wala
20861453-8b25-4a91-a8f4-017e98f8c878,gong.io,Gong,San Francisco-based conversation intelligence.,,,"San Francisco, USA",,,,,https://www.linkedin.com/company/gong-io,,,$250M-$500M,583000000,2015-01-01,1K-5K,,,,,,,,,,,,,Conversation intelligence,Sponsor Prospect,RevTech / GTM SaaS,Krzysztof Pawlak
208c9309-8b35-40d6-aea5-e966a8269924,clari.com,Clari,Sunnyvale-based revops / revenue platform.,,,"Sunnyvale, USA",,,,,https://www.linkedin.com/company/clari,,,,,,251-1K,,,,,,,,,,,,,RevOps / revenue platform,Sponsor Prospect,RevTech / GTM SaaS,Artur Wala
2088e940-2ccc-470a-a424-eac64fe8f875,hubspot.com,HubSpot,Cambridge-based crm / marketing automation.,,,"Cambridge, USA",,,,,https://www.linkedin.com/company/hubspot,,,,,,5K-10K,,,,,2026-05-16,,2026-05-16,,,1.4,Artur Wala,HubSpot — GTM Tech Week London 2027 (Sponsorship),CRM / marketing automation,Sponsor Prospect,RevTech / GTM SaaS,Artur Wala
208b8fec-b22c-464b-a797-9cd73d90c63e,zoominfo.com,ZoomInfo,Vancouver-based sales intelligence / data.,,,"Vancouver, USA",,,,,https://www.linkedin.com/company/zoominfo,,,,,,1K-5K,,,,,,,,,,,,,Sales intelligence / data,Sponsor Prospect,RevTech / GTM SaaS,Artur Wala
20818890-3591-4504-a374-a245e6b83c7f,lusha.com,Lusha,Tel Aviv-based b2b contact data.,,,"Tel Aviv, Israel",,,,,https://www.linkedin.com/company/lusha,,,,,,,,,,,,,,,,,,,,Sponsor Prospect,RevTech / GTM SaaS,Krzysztof Pawlak
208b64b8-ae31-4ed4-a9a3-7adf47220649,pigment.com,Pigment,Paris-based revops / business planning.,,,"Paris, France",,,,,https://www.linkedin.com/company/pigmenthq,,,$50M-$100M,393000000,2019-01-01,251-1K,,,,,,,,,,,,,RevOps / business planning,Sponsor Prospect,RevTech / GTM SaaS,Artur Wala
20879d0f-5ea3-4c0b-af35-57c8a0071694,aircall.io,Aircall,New York-based sales telephony.,,,"New York, USA",,,,,https://www.linkedin.com/company/aircall,,,,,,251-1K,,,,,,,,,,,,,Sales telephony,Sponsor Prospect,RevTech / GTM SaaS,Artur Wala
20814b04-a754-4339-af6e-f1c95a8008d5,lavender.ai,Lavender,New York-based sales email ai.,,,"New York, USA",,,,,https://www.linkedin.com/company/lavender-ai,,,,,,11-50,,,,,,,,,,,,,Sales email AI,Sponsor Prospect,AI / Infra,Krzysztof Pawlak
208e7d07-9ed1-49e8-a4f7-3b60560ed2a6,dealfront.com,Dealfront,Karlsruhe-based data / visitor identification.,,,"Karlsruhe, Germany",,,,,https://www.linkedin.com/company/dealfront,,,,,,251-1K,,,,,2026-05-20,,2026-05-20,,,5.0,Artur Wala,Dealfront — GTM Tech Week London 2027 (Sponsorship) | Bastian Karweg — Speaker (London 2027),Data / visitor identification,Sponsor Prospect,RevTech / GTM SaaS,Artur Wala
2081540f-84fa-46c8-a89b-841f3cfa3750,leadfeeder.com,Leadfeeder,Helsinki-based website visitor id / abm.,,,"Helsinki, Finland",,,,,https://www.linkedin.com/company/leadfeeder,,,,,,251-1K,,,,,,,,,,,,,Website visitor ID / ABM,Sponsor Prospect,RevTech / GTM SaaS,Krzysztof Pawlak
2087bb60-572e-4fb8-a844-2c2bf729de6a,albacross.com,Albacross,Stockholm-based intent / visitor id.,,,"Stockholm, Sweden",,,,,https://www.linkedin.com/company/albacross,,,,,,51-250,,,,,,,,,,,,,Intent / visitor ID,Sponsor Prospect,RevTech / GTM SaaS,Artur Wala
208b6c1a-f6a6-4d9f-a5ce-1e8a8a4a7b0b,pipedrive.com,Pipedrive,New York-based crm.,,,"New York, USA",,,,,https://www.linkedin.com/company/pipedrive,,,$100M-$250M,90000000,2010-01-01,1K-5K,,,,,,,,,,,,,CRM,Sponsor Prospect,RevTech / GTM SaaS,Krzysztof Pawlak
20842a9e-6c65-45c0-ae9f-0626f845d373,memoryblue.com,memoryBlue,Tysons-based sdr outsourcing agency.,,,"Tysons, USA",,,,,https://www.linkedin.com/company/memoryblue,,,,,,251-1K,,,,,,,,,,,,,SDR outsourcing agency,Sponsor Prospect,GTM Service / Agency,Artur Wala
2088844f-99ea-4237-a316-dd7de13f2082,highspot.com,Highspot,Seattle-based sales enablement.,,,"Seattle, USA",,,,,https://www.linkedin.com/company/highspot,,,,,,1K-5K,,,,,,,,,,,,,Sales enablement,Sponsor Prospect,RevTech / GTM SaaS,Artur Wala
2082f8e3-4af3-4934-a400-5b6f0556769d,seismic.com,Seismic,San Diego-based sales enablement.,,,"San Diego, USA",,,,,https://www.linkedin.com/company/seismic-software,,,,,,1K-5K,,,,,2026-05-29,,2026-05-29,,,1.5,Artur Wala,Seismic — GTM Tech Week London 2027 (Sponsorship),Sales enablement,Sponsor Prospect,RevTech / GTM SaaS,Artur Wala
20822366-a299-4247-a324-17a20d1c6d01,showpad.com,Showpad,Ghent-based sales enablement.,,,"Ghent, Belgium",,,,,https://www.linkedin.com/company/showpad,,,,,,,,,,,2026-05-17,,2026-05-17,,,4.0,Artur Wala,Showpad — GTM Tech Week London 2027 (Sponsorship),,Sponsor Prospect,RevTech / GTM SaaS,Artur Wala
20847006-470b-421d-af8a-1da7a50889f9,mindtickle.com,Mindtickle,San Francisco-based revenue enablement.,,,"San Francisco, USA",,,,,https://www.linkedin.com/company/mindtickle,,,,,,251-1K,,,,,,,,,,,,,Revenue enablement,Sponsor Prospect,RevTech / GTM SaaS,Krzysztof Pawlak
2087b729-35d3-4834-ad74-59f588c18c9d,allego.com,Allego,Waltham-based sales enablement.,,,"Waltham, USA",,,,,https://www.linkedin.com/company/allego,,,,,,51-250,,,,,,,,,,,,,Sales enablement,Sponsor Prospect,RevTech / GTM SaaS,Krzysztof Pawlak
208ee50a-c032-45f9-abc7-fd034f95a122,dock.us,Dock,San Francisco-based digital sales rooms.,,,"San Francisco, USA",,,,,https://www.linkedin.com/company/dock-us,,,,,,11-50,,,,,,,,,,,,,Digital sales rooms,Sponsor Prospect,RevTech / GTM SaaS,Artur Wala
208aa57e-11af-498c-a459-9996a66a73c5,bigtincan.com,Bigtincan,Sydney-based sales enablement.,,,"Sydney, Australia",,,,,https://www.linkedin.com/company/bigtincan,,,,,,251-1K,,,,,,,,,,,,,Sales enablement,Sponsor Prospect,RevTech / GTM SaaS,Krzysztof Pawlak
20877153-e205-4d62-a180-a9c6248a184e,avoma.com,Avoma,Palo Alto-based conversation intelligence.,,,"Palo Alto, USA",,,,,https://www.linkedin.com/company/avoma,,,,,,,,,,,,,,,,,,,,Sponsor Prospect,RevTech / GTM SaaS,Artur Wala
2083d928-23b6-40e4-aafc-d314cb0d6d32,fathom.video,Fathom,San Francisco-based conversation intelligence.,,,"San Francisco, USA",,,,,https://www.linkedin.com/company/fathom-video,,,,,,51-250,,,,,,,,,,,,,Conversation intelligence,Sponsor Prospect,RevTech / GTM SaaS,Krzysztof Pawlak
20840ece-52ea-472c-a989-b27fdbdde1d1,tldv.io,tl;dv,Aachen-based conversation intelligence.,,,"Aachen, Germany",,,,,https://www.linkedin.com/company/tldv,,,,,,11-50,,,,,,,,,,,,,Conversation intelligence,Sponsor Prospect,RevTech / GTM SaaS,Artur Wala
20827c37-a375-4cb7-a728-2767d66bac44,salesken.ai,Salesken,Bengaluru-based conversation intelligence.,,,"Bengaluru, India",,,,,https://www.linkedin.com/company/salesken,,,,,,51-250,,,,,,,,,,,,,Conversation intelligence,Sponsor Prospect,RevTech / GTM SaaS,Krzysztof Pawlak
2080d743-3c5c-4470-aea5-4b8bd02bc250,reply.io,Reply.io,San Jose-based sales engagement.,,,"San Jose, USA",,,,,https://www.linkedin.com/company/reply-io,,,,,,51-250,,,,,2026-05-28,,2026-05-28,,,3.0,Artur Wala,Reply.io — GTM Tech Week London 2027 (Sponsorship),Sales engagement,Sponsor Prospect,RevTech / GTM SaaS,Artur Wala
20815297-17f6-472d-a30c-28c8472ac41e,lemlist.com,lemlist,Paris-based outbound / cold email.,,,"Paris, France",,,,,https://www.linkedin.com/company/lemlist,,,$10M-$50M,,2018-01-01,51-250,,,,,,,,,,,,,Outbound / cold email,Sponsor Prospect,AI / Infra,Artur Wala
20829956-6517-4980-a4df-15b22d64be67,smartlead.ai,Smartlead,Sydney-based outbound infrastructure.,,,"Sydney, Australia",,,,,https://www.linkedin.com/company/smartlead-ai,,,,,,,,,,,,,,,,,,,,Sponsor Prospect,AI / Infra,Krzysztof Pawlak
208a419d-3d72-4998-a47c-26d82f2aad69,instantly.ai,Instantly,Sheridan-based outbound infrastructure.,,,"Sheridan, USA",,,,,https://www.linkedin.com/company/instantly-ai,,,,,,51-250,,,,,,,,,,,,,Outbound infrastructure,Sponsor Prospect,AI / Infra,Artur Wala
20847343-afbf-465b-aa4c-fbbc80079896,mixmax.com,Mixmax,San Francisco-based sales engagement.,,,"San Francisco, USA",,,,,https://www.linkedin.com/company/mixmax,,,,,,51-250,,,,,,,,,,,,,Sales engagement,Sponsor Prospect,RevTech / GTM SaaS,Artur Wala
208a16c7-3536-4d08-a70a-199b81bdf701,bombora.com,Bombora,New York-based intent data.,,,"New York, USA",,,,,https://www.linkedin.com/company/bombora,,,,,,251-1K,,,,,,,,,,,,,Intent data,Sponsor Prospect,RevTech / GTM SaaS,Artur Wala
2081f197-1743-4d50-a333-269704e47205,6sense.com,6sense,San Francisco-based abm / intent.,,,"San Francisco, USA",,,,,https://www.linkedin.com/company/6sense,,,$250M-$500M,600000000,2013-01-01,1K-5K,,,,,2026-06-02,,2026-06-02,,,1.1,Krzysztof Pawlak,6sense — GTM Tech Week London 2027 (Sponsorship),ABM / intent,Sponsor Prospect,RevTech / GTM SaaS,Krzysztof Pawlak
2089eec5-d3f7-48fe-afa3-06415e1e73eb,ocean.io,Ocean.io,Copenhagen-based enrichment / lookalike.,,,"Copenhagen, Denmark",,,,,https://www.linkedin.com/company/ocean-io,,,,,,51-250,,,,,,,,,,,,,Enrichment / lookalike,Sponsor Prospect,RevTech / GTM SaaS,Artur Wala
20815409-4ffc-4063-ad01-77b84af591d3,leadiq.com,LeadIQ,San Francisco-based prospecting / enrichment.,,,"San Francisco, USA",,,,,https://www.linkedin.com/company/leadiq,,,,,,51-250,,,,,,,,,,,,,Prospecting / enrichment,Sponsor Prospect,RevTech / GTM SaaS,Artur Wala
2089e612-41d7-4e7e-a8f3-2fc05ea57006,vainu.io,Vainu,Helsinki-based company / intent data.,,,"Helsinki, Finland",,,,,https://www.linkedin.com/company/vainu,,,,,,51-250,,,,,,,,,,,,,Company / intent data,Sponsor Prospect,RevTech / GTM SaaS,Krzysztof Pawlak
208cba7e-af16-4e1f-a41b-09d9c2da8583,chilipiper.com,Chili Piper,Brooklyn-based routing / scheduling.,,,"Brooklyn, USA",,,,,https://www.linkedin.com/company/chili-piper,,,,,,251-1K,,,,,,,,,,,,,Routing / scheduling,Sponsor Prospect,RevTech / GTM SaaS,Krzysztof Pawlak
2080da83-d7e3-4862-a85a-485b3c741bfe,revenuehero.io,RevenueHero,Wilmington-based routing / scheduling.,,,"Wilmington, USA",,,,,https://www.linkedin.com/company/revenuehero,,,,,,11-50,,,,,,,,,,,,,Routing / scheduling,Sponsor Prospect,RevTech / GTM SaaS,Krzysztof Pawlak
208e7cdc-8bfa-4591-aa6f-7047cb47b369,default.com,Default,San Francisco-based routing / enrichment.,,,"San Francisco, USA",,,,,https://www.linkedin.com/company/trydefault,,,,,,11-50,,,,,,,,,,,,,Routing / enrichment,Sponsor Prospect,RevTech / GTM SaaS,Krzysztof Pawlak
20815483-84c6-4207-a579-fcfc5d9808ac,leandata.com,LeanData,Santa Clara-based lead routing.,,,"Santa Clara, USA",,,,,https://www.linkedin.com/company/leandata,,,,,,251-1K,,,,,,,,,,,,,Lead routing,Sponsor Prospect,RevTech / GTM SaaS,Krzysztof Pawlak
208ca788-43e9-41c5-a44c-b161f47fed4b,cal.com,Cal.com,San Francisco-based scheduling infrastructure.,,,"San Francisco, USA",,,,,https://www.linkedin.com/company/cal-com,,,,,,51-250,,,,,,,,,,,,,Scheduling infrastructure,Sponsor Prospect,AI / Infra,Artur Wala
208e7d0d-b799-4660-a97c-17ffee5ea384,dealhub.io,DealHub,Austin-based cpq / quote-to-revenue.,,,"Austin, USA",,,,,https://www.linkedin.com/company/dealhub,,,,,,251-1K,,,,,,,,,,,,,CPQ / quote-to-revenue,Sponsor Prospect,RevTech / GTM SaaS,Artur Wala
2088818a-060f-4172-a351-25c94f6c171e,younium.com,Younium,Stockholm-based subscription management.,,,"Stockholm, Sweden",,,,,https://www.linkedin.com/company/younium,,,,,,51-250,,,,,,,,,,,,,Subscription management,Sponsor Prospect,RevTech / GTM SaaS,Artur Wala
2084d9f1-687e-450c-a7ea-94d96211efa6,maxio.com,Maxio,Atlanta-based billing / financial reporting.,,,"Atlanta, USA",,,,,https://www.linkedin.com/company/maxio,,,,,,251-1K,,,,,,,,,,,,,Billing / financial reporting,Sponsor Prospect,RevTech / GTM SaaS,Krzysztof Pawlak
208b164b-16d3-4c01-a8e2-bb894f64dda0,planhat.com,Planhat,Stockholm-based customer success.,,,"Stockholm, Sweden",,,,,https://www.linkedin.com/company/planhat,,,$10M-$50M,65000000,2014-01-01,,,,,,2026-05-29,,2026-05-29,,,2.3,Krzysztof Pawlak,Planhat — GTM Tech Week London 2027 (Sponsorship),,Sponsor Prospect,RevTech / GTM SaaS,Krzysztof Pawlak
2089a975-5d27-42ca-ae5d-a48ba8c10a8f,vitally.io,Vitally,New York-based customer success.,,,"New York, USA",,,,,https://www.linkedin.com/company/vitally-io,,,,,,51-250,,,,,,,,,,,,,Customer success,Sponsor Prospect,RevTech / GTM SaaS,Artur Wala
208cb2c4-4ddc-4204-a688-565ca727766b,churnzero.com,ChurnZero,Washington-based customer success.,,,"Washington, USA",,,,,https://www.linkedin.com/company/churnzero,,,,,,251-1K,,,,,2026-05-25,,2026-05-25,,,3.9,Artur Wala,ChurnZero — GTM Tech Week London 2027 (Sponsorship),Customer success,Sponsor Prospect,RevTech / GTM SaaS,Artur Wala
208cfa71-e0d8-4f3c-a6e9-23b6cbc31c00,custify.com,Custify,Bucharest-based customer success.,,,"Bucharest, Romania",,,,,https://www.linkedin.com/company/custify,,,,,,11-50,,,,,,,,,,,,,Customer success,Sponsor Prospect,RevTech / GTM SaaS,Krzysztof Pawlak
208db400-7f11-402e-ae94-70a74bbd62bc,june.so,June,San Francisco-based plg analytics.,,,"San Francisco, USA",,,,,https://www.linkedin.com/company/june-so,,,,,,1-10,,,,,,,,,,,,,PLG analytics,Sponsor Prospect,RevTech / GTM SaaS,Artur Wala
208473c0-0d53-4288-a3aa-bdb66137ee1d,mixpanel.com,Mixpanel,San Francisco-based product analytics.,,,"San Francisco, USA",,,,,https://www.linkedin.com/company/mixpanel,,,,,,251-1K,,,,,,,,,,,,,Product analytics,Sponsor Prospect,RevTech / GTM SaaS,Krzysztof Pawlak
20883d61-a4fc-4e7e-a4c5-a933a99833ab,heap.io,Heap,San Francisco-based product analytics.,,,"San Francisco, USA",,,,,https://www.linkedin.com/company/heap,,,,,,251-1K,,,,,,,,,,,,,Product analytics,Sponsor Prospect,RevTech / GTM SaaS,Krzysztof Pawlak
208cb665-bf60-4a0b-aeb9-df798b768933,chameleon.io,Chameleon,San Francisco-based onboarding / adoption.,,,"San Francisco, USA",,,,,https://www.linkedin.com/company/trychameleon,,,,,,,,,,,,,,,,,,,,Sponsor Prospect,RevTech / GTM SaaS,Artur Wala
20831eaa-5054-43c6-abac-360a185b300b,folk.app,Folk,Paris-based crm / gtm.,,,"Paris, France",,,,,https://www.linkedin.com/company/folkapp,,,,,,51-250,,,,,,,,,,,,,CRM / GTM,Sponsor Prospect,RevTech / GTM SaaS,Krzysztof Pawlak
2084ac28-a74c-4ed3-ab3f-7f47ced28739,twenty.com,Twenty,Paris-based open-source crm.,,,"Paris, France",,,,,https://www.linkedin.com/company/twenty-crm,,,,,,11-50,,,,,,,,,,,,,Open-source CRM,Sponsor Prospect,RevTech / GTM SaaS,Artur Wala
20827c37-d129-4f84-a4d8-8a0fa08d727c,salesflare.com,Salesflare,Antwerp-based smb b2b crm.,,,"Antwerp, Belgium",,,,,https://www.linkedin.com/company/salesflare,,,,,,1-10,,,,,,,,,,,,,SMB B2B CRM,Sponsor Prospect,RevTech / GTM SaaS,Artur Wala
208c9edc-b02e-43cd-aa03-35766ad04366,close.com,Close,Remote-based inside-sales crm.,,,"Remote, USA",,,,,https://www.linkedin.com/company/close-crm,,,,,,51-250,,,,,,,,,,,,,Inside-sales CRM,Sponsor Prospect,RevTech / GTM SaaS,Krzysztof Pawlak
20856171-29b8-4f85-ac37-fdaaba924ff4,11x.ai,11x,San Francisco-based ai sdr / digital workers.,,,"San Francisco, USA",,,,,https://www.linkedin.com/company/11x-ai,,,$10M-$50M,74000000,2022-01-01,51-250,,,,,2026-06-01,,2026-06-01,,,1.8,Artur Wala,11x — GTM Tech Week London 2027 (Sponsorship),AI SDR / digital workers,Sponsor Prospect,AI / Infra,Artur Wala
20874bc2-4194-49cb-a9d0-39bfa00792cd,artisan.co,Artisan,San Francisco-based ai sdr.,,,"San Francisco, USA",,,,,https://www.linkedin.com/company/artisanco,,,,,,,,,,,,,,,,,,,,Sponsor Prospect,AI / Infra,Artur Wala
2087c97d-100c-49db-aed4-b710530dc442,unifygtm.com,Unify,San Francisco-based ai gtm / signal-to-outbound.,,,"San Francisco, USA",,,,,https://www.linkedin.com/company/unifygtm,,,$1M-$10M,49000000,2023-01-01,51-250,,,,,,,,,,,,,AI GTM / signal-to-outbound,Sponsor Prospect,AI / Infra,Artur Wala
2080d52e-0bfb-48de-a059-d0fe3b6dca21,relevanceai.com,Relevance AI,Sydney-based ai agent platform.,,,"Sydney, Australia",,,,,https://www.linkedin.com/company/relevanceai,,,,,,51-250,,,,,,,,,,,,,AI agent platform,Sponsor Prospect,AI / Infra,Krzysztof Pawlak
208793f5-360d-498e-af60-5652a0ef7a3c,aisdr.com,AiSDR,San Francisco-based ai sdr.,,,"San Francisco, USA",,,,,https://www.linkedin.com/company/aisdr,,,,,,,,,,,,,,,,,,,,Sponsor Prospect,AI / Infra,Krzysztof Pawlak
20871227-0127-466c-a5da-3e0c6a528235,aomni.com,Aomni,San Francisco-based ai account research.,,,"San Francisco, USA",,,,,https://www.linkedin.com/company/aomni,,,,,,1-10,,,,,,,,,,,,,AI account research,Sponsor Prospect,AI / Infra,Artur Wala
208cfa7a-c115-4e5e-a990-69157d5629d2,customer.io,Customer.io,Portland-based marketing automation / cdp.,,,"Portland, USA",,,,,https://www.linkedin.com/company/customer-io,,,,,,251-1K,,,,,2026-05-21,,2026-05-21,,,2.5,Krzysztof Pawlak,Customer.io — GTM Tech Week London 2027 (Sponsorship),Marketing automation / CDP,Sponsor Prospect,RevTech / GTM SaaS,Krzysztof Pawlak
208988a1-96bc-4dbd-ab69-855e2cc2646e,ortto.com,Ortto,Sydney-based automation + cdp.,,,"Sydney, Australia",,,,,https://www.linkedin.com/company/ortto,,,,,,51-250,,,,,2026-05-19,,2026-05-19,,,5.0,Artur Wala,Ortto — GTM Tech Week London 2027 (Sponsorship),Automation + CDP,Sponsor Prospect,RevTech / GTM SaaS,Artur Wala
208a4d78-ad04-4ae3-a8ab-ccfd4afddef9,influ2.com,Influ2,New York-based person-based abm ads.,,,"New York, USA",,,,,https://www.linkedin.com/company/influ2,,,,,,11-50,,,,,,,,,,,,,Person-based ABM ads,Sponsor Prospect,RevTech / GTM SaaS,Krzysztof Pawlak
20815846-845e-41de-ad76-29767ddac41b,encharge.io,Encharge,Sofia-based marketing automation.,,,"Sofia, Bulgaria",,,,,https://www.linkedin.com/company/encharge,,,,,,1-10,,,,,,,,,,,,,Marketing automation,Sponsor Prospect,RevTech / GTM SaaS,Artur Wala
208c4551-5a36-4b0c-a91b-3d13aa61617f,commonroom.io,Common Room,Seattle-based signal-based gtm.,,,"Seattle, USA",,,,,https://www.linkedin.com/company/common-room,,,,,,51-250,,,,,,,,,,,,,Signal-based GTM,Sponsor Prospect,RevTech / GTM SaaS,Artur Wala
20803550-32d2-4897-a7c6-5f5e54a608e1,rb2b.com,RB2B,Austin-based website visitor identification.,,,"Austin, USA",,,,,https://www.linkedin.com/company/rb2b,,,,,,1-10,,,,,,,,,,,,,Website visitor identification,Sponsor Prospect,RevTech / GTM SaaS,Krzysztof Pawlak
208c6598-d25a-40b5-add8-2b175fc9de6a,crossbeam.com,Crossbeam,Philadelphia-based partner ecosystem / elg.,,,"Philadelphia, USA",,,,,https://www.linkedin.com/company/crossbeam,,,,,,251-1K,,,,,,,,,,,,,Partner ecosystem / ELG,Sponsor Prospect,RevTech / GTM SaaS,Krzysztof Pawlak
208b0d46-1a11-4dce-ae09-410bf81e9929,partnerstack.com,PartnerStack,Toronto-based partnerships / channel.,,,"Toronto, Canada",,,,,https://www.linkedin.com/company/partnerstack,,,,,,251-1K,,,,,,,,,,,,,Partnerships / channel,Sponsor Prospect,RevTech / GTM SaaS,Artur Wala
208a6767-8c42-48bb-a15c-e836548a4a94,bevy.com,Bevy,Palo Alto-based community events platform.,,,"Palo Alto, USA",,,,,https://www.linkedin.com/company/bevylabs,,,,,,51-250,,,,,2026-06-18,,2026-06-18,,,2.2,Artur Wala,Bevy — GTM Tech Week London 2027 (Sponsorship),Community events platform,Sponsor Prospect,GTM Service / Agency,Artur Wala
20861abe-f306-4c5b-a48f-bc9e7dd282a8,goldcast.io,Goldcast,Boston-based b2b events / webinar.,,,"Boston, USA",,,,,https://www.linkedin.com/company/goldcast,,,,,,51-250,,,,,,,,,,,,,B2B events / webinar,Sponsor Prospect,RevTech / GTM SaaS,Artur Wala
20818eac-53a7-4d95-a9d4-baed5376f6a4,luma.com,Luma,San Francisco-based events platform.,,,"San Francisco, USA",,,,,https://www.linkedin.com/company/lumalabs,,,,,,,,,,,,,,,,,,,,Sponsor Prospect,RevTech / GTM SaaS,Artur Wala
20817d1f-60e3-4dbd-af86-d99a707d509d,elevenlabs.io,ElevenLabs,London-based ai audio / voice.,,,"London, UK",,,,,https://www.linkedin.com/company/elevenlabsio,,,$100M-$250M,281000000,2022-01-01,251-1K,,,,,2026-06-14,,2026-06-14,,,1.4,Artur Wala,Carles Reina — Keynote (London 2027) | Tomasz Dentko — Speaker (London 2027),AI audio / voice,Sponsor Prospect,AI / Infra,Artur Wala
2086cbcd-b573-4c93-a4a5-9f2b40884e96,notioncapital.com,Notion Capital,London-HQ'd vc — b2b saas.,,,"London, UK",,,,,https://www.linkedin.com/company/notion-capital,,,,,,,,,,,2026-06-08,,2026-06-08,,,4.3,Artur Wala,Notion Capital — GTM Tech Week London 2027 (Sponsorship),,Sponsor Prospect,Investor,Artur Wala
2081c225-0bba-4782-aa8c-257297200a18,episode1.com,Episode 1 Ventures,London-HQ'd vc — seed b2b.,,,"London, UK",,,,,https://www.linkedin.com/company/episode-1-ventures,,,,,,1-10,,,,,,,,,,,,,VC — seed B2B,Sponsor Prospect,Investor,Krzysztof Pawlak
20819147-1349-4d76-af7c-9b642f15a71b,localglobe.vc,LocalGlobe,London-HQ'd vc — seed.,,,"London, UK",,,,,https://www.linkedin.com/company/localglobe,,,,,,11-50,,,,,2026-05-22,,2026-05-22,,,4.0,Artur Wala,LocalGlobe — GTM Tech Week London 2027 (Sponsorship),VC — seed,Sponsor Prospect,Investor,Artur Wala
2082fa52-a48f-489f-a84b-7408630d402f,seedcamp.com,Seedcamp,London-HQ'd vc — pre-seed/seed.,,,"London, UK",,,,,https://www.linkedin.com/company/seedcamp,,,,,,,,,,,,,,,,,,,,Sponsor Prospect,Investor,Artur Wala
208a7059-78fc-434c-ac36-23c9db4d3982,balderton.com,Balderton Capital,London-HQ'd vc — early/growth.,,,"London, UK",,,,,https://www.linkedin.com/company/balderton-capital,,,,,,51-250,,,,,2026-05-27,,2026-05-27,,,3.0,Artur Wala,Balderton Capital — GTM Tech Week London 2027 (Sponsorship),VC — early/growth,Sponsor Prospect,Investor,Artur Wala
2088ab4a-e554-4091-a107-8f5d2c39b2a1,hoxton.ventures,Hoxton Ventures,London-HQ'd vc — seed.,,,"London, UK",,,,,https://www.linkedin.com/company/hoxton-ventures,,,,,,1-10,,,,,,,,,,,,,VC — seed,Sponsor Prospect,Investor,Krzysztof Pawlak
208b62f4-bcdc-4138-af5d-bed80e08cc78,pointnine.com,Point Nine,Berlin-based vc — seed b2b saas.,,,"Berlin, Germany",,,,,https://www.linkedin.com/company/point-nine-capital,,,,,,,,,,,,,,,,,,,,Sponsor Prospect,Investor,Artur Wala
208a4890-612d-4990-a8db-7e4157114920,indexventures.com,Index Ventures,London-HQ'd vc — multi-stage.,,,"London, UK",,,,,https://www.linkedin.com/company/index-ventures,,,,,,51-250,,,,,2026-06-11,,2026-06-11,,,3.8,Artur Wala,Index Ventures — GTM Tech Week London 2027 (Sponsorship),VC — multi-stage,Sponsor Prospect,Investor,Artur Wala
2089e090-be2a-43bf-a4be-ef09d27302b1,octopusventures.com,Octopus Ventures,London-HQ'd vc — early/growth.,,,"London, UK",,,,,https://www.linkedin.com/company/octopus-ventures,,,,,,51-250,,,,,,,,,,,,,VC — early/growth,Sponsor Prospect,Investor,Artur Wala
20879b74-cc98-43c9-accd-63944f6c1f50,atomico.com,Atomico,London-HQ'd vc — growth/b2b.,,,"London, UK",,,,,https://www.linkedin.com/company/atomico,,,,,,51-250,,,,,,,,,,,,,VC — growth/B2B,Sponsor Prospect,Investor,Krzysztof Pawlak
208ee1a9-fc5f-4b2e-a2de-a45d4f0c4d76,dawncapital.com,Dawn Capital,London-HQ'd vc — b2b saas.,,,"London, UK",,,,,https://www.linkedin.com/company/dawn-capital,,,,,,11-50,,,,,2026-05-16,,2026-05-16,,,4.0,Artur Wala,Dawn Capital — GTM Tech Week London 2027 (Sponsorship),VC — B2B SaaS,Sponsor Prospect,Investor,Artur Wala
208357f0-bcf6-411e-a540-25453791eabd,frontline.vc,Frontline Ventures,Dublin-based vc — b2b saas.,,,"Dublin, Ireland",,,,,https://www.linkedin.com/company/frontline-ventures,,,,,,11-50,,,,,,,,,,,,,VC — B2B SaaS,Sponsor Prospect,Investor,Krzysztof Pawlak
2084c242-13cf-4282-a9b5-b98c24aa3d95,mmc.vc,MMC Ventures,London-HQ'd vc — early-stage.,,,"London, UK",,,,,https://www.linkedin.com/company/mmc-ventures,,,,,,11-50,,,,,,,,,,,,,VC — early-stage,Sponsor Prospect,Investor,Artur Wala
2081ec4b-6ece-4b4f-a9ea-efacfbcf5240,eightroads.com,Eight Roads,London-HQ'd vc — growth.,,,"London, UK",,,,,https://www.linkedin.com/company/eight-roads,,,,,,51-250,,,,,,,,,,,,,VC — growth,Sponsor Prospect,Investor,Artur Wala
208e2c35-19ce-4e3b-a35c-5d6105da11d9,83north.com,83North,London-HQ'd vc — early/growth.,,,"London, UK",,,,,https://www.linkedin.com/company/83north,,,,,,11-50,,,,,2026-06-13,,2026-06-13,,,2.0,Artur Wala,83North — GTM Tech Week London 2027 (Sponsorship),VC — early/growth,Sponsor Prospect,Investor,Artur Wala
20870b57-8c96-4fad-a517-5d582406909e,accel.com,Accel,London-based vc — multi-stage.,,,"London, UK",,,,,https://www.linkedin.com/company/accel,,,,,,251-1K,,,,,,,,,,,,,VC — multi-stage,Sponsor Prospect,Investor,Krzysztof Pawlak
2086c449-c09d-49d8-a59f-844f62234ba3,northzone.com,Northzone,Stockholm-based vc — multi-stage.,,,"Stockholm, Sweden",,,,,https://www.linkedin.com/company/northzone,,,,,,,,,,,2026-05-18,,2026-05-18,,,1.0,Krzysztof Pawlak,Northzone — GTM Tech Week London 2027 (Sponsorship),,Sponsor Prospect,Investor,Krzysztof Pawlak
208b361b-a645-4297-a03a-11cca32ba222,project-a.vc,Project A,Berlin-based vc — operator-led.,,,"Berlin, Germany",,,,,https://www.linkedin.com/company/project-a-ventures,,,,,,51-250,,,,,,,,,,,,,VC — operator-led,Sponsor Prospect,Investor,Artur Wala
20838f03-12b4-44ae-a15e-83546b47b6ad,felixcap.com,Felix Capital,London-HQ'd vc — consumer/enterprise.,,,"London, UK",,,,,https://www.linkedin.com/company/felix-capital,,,,,,,,,,,,,,,,,,,,Sponsor Prospect,Investor,Artur Wala
2082a457-10c8-428a-a21d-decc337baceb,scalewise.co,ScaleWise,London-HQ'd fractional revenue leadership.,,,"London, UK",,,,,,,,,,,,,,,,,,,,,,,,,Speaker Account,RevTech / GTM SaaS,
2080da83-d7dd-4fe5-ae41-9a1e96bbad22,revenuefunnel.co.uk,Revenue Funnel,,,,"London, UK",,,,,,,,,,,1-10,,,,,2026-06-01,,2026-06-01,,,1.9,Krzysztof Pawlak,Hannah Ajikawo — Speaker (London 2027),RevOps / GTM consultancy,Speaker Account,GTM Service / Agency,
208eeffa-991e-4ed9-a63c-ca3fdbe12e50,danieldisney.online,The Daily Sales,London-HQ'd sales media / training.,,,"London, UK",,,,,,,,,,,1-10,,,,,,,,,,,,,Sales media / training,Speaker Account,GTM Service / Agency,
208e9423-c9aa-44b4-a33f-be28adafe422,dlaignite.com,DLA Ignite,,,,"London, UK",,,,,,,,,,,11-50,,,,,,,,,,,,,Social selling consultancy,Speaker Account,GTM Service / Agency,
2084611f-334a-4865-ae78-1d3f9f712920,mysalescoach.com,MySalesCoach,Newcastle-based sales coaching.,,,"Newcastle, UK",,,,,,,,,,,11-50,,,,,,,,,,,,,Sales coaching,Speaker Account,RevTech / GTM SaaS,
208dd354-ab1a-471d-a516-713928fbbd56,joinpavilion.com,Pavilion,Austin-based gtm leader community.,,,"Austin, USA",,,,,,,,,,,,,,,,,,,,,,,,,Speaker Account,GTM Service / Agency,
2080d9c1-4453-4e16-aed3-e6eb958061c5,refinelabs.com,Refine Labs,Boston-based demand gen agency.,,,"Boston, USA",,,,,,,,,,,51-250,,,,,2026-05-16,,2026-05-16,,,4.2,Krzysztof Pawlak,Chris Walker — Keynote (London 2027),Demand gen agency,Speaker Account,GTM Service / Agency,
20818331-f49c-4f83-aff5-9f67d30d486d,exitfive.com,Exit Five,Burlington-based b2b marketing community.,,,"Burlington, USA",,,,,,,,,,,1-10,,,,,,,,,,,,,B2B marketing community,Speaker Account,GTM Service / Agency,
20842718-2144-41c6-aec4-11dcdc767ddd,themarketingmillennials.com,The Marketing Millennials,Austin-based marketing media.,,,"Austin, USA",,,,,,,,,,,1-10,,,,,,,,,,,,,Marketing media,Speaker Account,GTM Service / Agency,
208c41a4-2486-455d-a16f-d42c9348e467,copy.ai,Copy.ai,Memphis-based ai gtm / content.,,,"Memphis, USA",,,,,,,,,,,51-250,,,,,2026-05-15,,2026-05-15,,,3.4,Artur Wala,Kyle Coleman — Keynote (London 2027),AI GTM / content,Speaker Account,AI / Infra,
20861c5b-1e57-4ec5-a978-6c1a1b5eb93a,gtmpartners.com,GTM Partners,Atlanta-based gtm analyst / advisory.,,,"Atlanta, USA",,,,,,,,,,,11-50,,,,,,,,,,,,,GTM analyst / advisory,Speaker Account,RevTech / GTM SaaS,
20843367-dc61-49f5-a952-74dd800f5c4a,wynter.com,Wynter,Austin-based messaging / market research.,,,"Austin, USA",,,,,,,,,,,,,,,,2026-05-27,,2026-05-27,,,4.8,Artur Wala,Peep Laja — Speaker (London 2027),,Speaker Account,RevTech / GTM SaaS,
208769f8-2059-4e45-ac74-7ba9939a4c29,aprildunford.com,Ambient Strategy,Toronto-based positioning consultancy.,,,"Toronto, Canada",,,,,,,,,,,1-10,,,,,2026-05-27,,2026-05-27,,,3.1,Krzysztof Pawlak,April Dunford — Keynote (London 2027),Positioning consultancy,Speaker Account,GTM Service / Agency,
2086c6bb-9eb7-4430-af23-5333b75cd165,growthpathpartners.com,GrowthPath Partners,San Francisco-based ai gtm advisory.,,,"San Francisco, USA",,,,,,,,,,,1-10,,,,,,,,,,,,,AI GTM advisory,Speaker Account,AI / Infra,
20883236-f30d-4685-abd1-7dc6e599fc6e,heinzmarketing.com,Heinz Marketing,Seattle-based demand gen consultancy.,,,"Seattle, USA",,,,,,,,,,,11-50,,,,,,,,,,,,,Demand gen consultancy,Speaker Account,GTM Service / Agency,
2086c6bb-99ab-4e72-abe4-0cd3c19cd131,growthenginex.com,Growth Engine X,New York-based outbound / clay agency.,,,"New York, USA",,,,,,,,,,,11-50,,,,,,,,,,,,,Outbound / Clay agency,Speaker Account,GTM Service / Agency,
208c44c7-13a2-4971-a2da-385d0cae675e,coldiq.com,ColdIQ,Tallinn-based ai prospecting agency.,,,"Tallinn, Estonia",,,,,,,,,,,11-50,,,,,,,,,,,,,AI prospecting agency,Speaker Account,GTM Service / Agency,
2088a5c0-5af1-48d5-a481-3ae78473aa79,hockeystack.com,HockeyStack,San Francisco-based b2b marketing analytics.,,,"San Francisco, USA",,,,,,,,,,,51-250,,,,,,,,,,,,,B2B marketing analytics,Speaker Account,RevTech / GTM SaaS,
2087880b-4127-4e50-a6df-4187846d314c,anthropic.com,Anthropic,San Francisco-based ai research / models.,,,"San Francisco, USA",,,,,,,,,,,,,,,,,,,,,,,,,Speaker Account,AI / Infra,
2086cbcd-b768-4407-a7d0-5fb8a8a64105,notion.so,Notion,San Francisco-based productivity software.,,,"San Francisco, USA",,,,,,,,,,,1K-5K,,,,,,,,,,,,,Productivity software,Speaker Account,RevTech / GTM SaaS,
208cf627-03a3-4709-a4fe-ce41c618913d,cursor.com,Cursor,San Francisco-based ai dev tools.,,,"San Francisco, USA",,,,,,,,,,,,,,,,,,,,,,,,,Speaker Account,AI / Infra,
208ca3d0-584a-402a-a400-466b62965f62,canva.com,Canva,Sydney-based design software.,,,"Sydney, Australia",,,,,,,,,,,5K-10K,,,,,,,,,,,,,Design software,Speaker Account,RevTech / GTM SaaS,
20801a3c-5b8c-42be-a175-1a553137ee91,rippling.com,Rippling,San Francisco-based hr / it / finance platform.,,,"San Francisco, USA",,,,,,,,,,,5K-10K,,,,,,,,,,,,,HR / IT / finance platform,Speaker Account,RevTech / GTM SaaS,
208af13f-09cd-4f67-acfb-2c638ab4a66b,impactable.com,Impactable,Detroit-based linkedin ads agency.,,,"Detroit, USA",,,,,,,,,,,11-50,,,,,,,,,,,,,LinkedIn ads agency,Speaker Account,GTM Service / Agency,
208b1882-7258-4b3c-a1c3-679ed33cff3d,pleo.io,Pleo,,,,"Copenhagen, Denmark",,,,,,,,,,,251-1K,,,,,2026-06-02,,2026-06-02,,,4.9,Artur Wala,James Keating — Speaker (London 2027),Spend management / fintech,Speaker Account,B2B SaaS (vertical),
208612c8-d1eb-4126-a9c0-c24c5fbd0a36,gocardless.com,GoCardless,London-HQ'd payments / fintech.,,,"London, UK",,,,,,,,,,,,,,,,2026-06-03,,2026-06-03,,,1.5,Artur Wala,Pat Phelan — Speaker (London 2027),,Speaker Account,B2B SaaS (vertical),
208416f3-66b9-4240-ade0-c3c94e562b8b,multiverse.io,Multiverse,London-HQ'd apprenticeships / ai upskilling.,,,"London, UK",,,,,,,,,,,,,,,,2026-05-27,,2026-05-27,,,2.5,Artur Wala,Donn D'Arcy — Speaker (London 2027),,Speaker Account,AI / Infra,
20822c4b-25b4-4e1b-a13f-8dcde7dffdc0,snyk.io,Snyk,London-HQ'd developer security.,,,"London, UK",,,,,,,,,,,1K-5K,,,,,,,,,,,,,Developer security,Speaker Account,AI / Infra,
208441f9-9f06-4e09-a217-347ad6b3618c,wise.com,Wise,London-HQ'd payments / fintech.,,,"London, UK",,,,,,,,,,,,,,,,,,,,,,,,,Speaker Account,B2B SaaS (vertical),
208493d3-1397-413d-a887-75f5e52aade5,tractable.ai,Tractable,,,,"London, UK",,,,,,,,,,,251-1K,,,,,,,,,,,,,Applied AI / insurance,Speaker Account,AI / Infra,
208cb0d8-87e3-427d-a3ed-0a3a423ba3fe,cytora.com,Cytora,London-HQ'd ai / insurance.,,,"London, UK",,,,,,,,,,,51-250,,,,,,,,,,,,,AI / insurance,Speaker Account,AI / Infra,
208a6d21-780b-46e6-ab24-e1c7d0c002e5,beauhurst.com,Beauhurst,London-HQ'd company data.,,,"London, UK",,,,,,,,,,,51-250,,,,,,,,,,,,,Company data,Speaker Account,RevTech / GTM SaaS,
2087d4d3-25e2-49af-a6a2-b707cab39fc7,askattest.com,Attest,London-HQ'd consumer research.,,,"London, UK",,,,,,,,,,,251-1K,,,,,,,,,,,,,Consumer research,Speaker Account,RevTech / GTM SaaS,
2089a735-12aa-4d4e-ae5d-f820d2e3569f,omnea.co,Omnea,London-HQ'd procurement software.,,,"London, UK",,,,,,,,,,,51-250,,,,,,,,,,,,,Procurement software,Speaker Account,B2B SaaS (vertical),
208a613c-b9ef-4d6f-ad88-811ec3898ee2,benefex.com,Benefex,Southampton-based employee benefits software.,,,"Southampton, UK",,,,,,,,,,,251-1K,,,,,,,,,,,,,Employee benefits software,Speaker Account,B2B SaaS (vertical),
2088c441-7975-4ef9-a3e6-482204e47ef0,yulife.com,YuLife,London-HQ'd insurtech / wellbeing.,,,"London, UK",,,,,,,,,,,251-1K,,,,,,,,,,,,,Insurtech / wellbeing,Speaker Account,B2B SaaS (vertical),
2086cd9b-8c1a-4a25-a942-8d37cbc31c03,griffin.com,Griffin,London-HQ'd banking-as-a-service.,,,"London, UK",,,,,,,,,,,51-250,,,,,,,,,,,,,Banking-as-a-service,Speaker Account,RevTech / GTM SaaS,
20831f02-4e43-4615-abca-c7c838c9cb5a,form3.tech,Form3,London-HQ'd payments infrastructure.,,,"London, UK",,,,,,,,,,,251-1K,,,,,,,,,,,,,Payments infrastructure,Speaker Account,AI / Infra,
208db908-d1ad-4263-a2ec-ba095d988ccf,quantexa.com,Quantexa,,,,"London, UK",,,,,,,,,,,1K-5K,,,,,,,,,,,,,Decision intelligence,Speaker Account,RevTech / GTM SaaS,
2082b567-54d9-4df3-a9c2-654879f5396d,spendesk.com,Spendesk,Paris-based spend management / fintech.,,,"Paris, France",,,,,,,,,,,251-1K,,,,,,,,,,,,,Spend management / fintech,Speaker Account,B2B SaaS (vertical),
208db17c-862f-4c71-afb9-f4e6167fb07a,juro.com,Juro,London-HQ'd ai contract management.,,,"London, UK",,,,,,,,,,,51-250,,,,,,,,,,,,,AI contract management,Speaker Account,AI / Infra,
20827c37-7ee2-48ad-a8fd-67ccf1e4ed07,salesmatrixcourses.com,Sales Matrix,,,,"London, UK",,,,,,,,,,,1-10,,,,,,,,,,,,,Sales training,Speaker Account,GTM Service / Agency,
2082040c-a9be-42e7-abb6-76714dfbc59a,sbrconsulting.com,SBR Consulting,London-HQ'd sales transformation.,,,"London, UK",,,,,,,,,,,11-50,,,,,,,,,,,,,Sales transformation,Speaker Account,RevTech / GTM SaaS,
208c482a-2e44-4af0-a745-10c4a81c899a,connectandsell.com,ConnectAndSell,Cupertino-based outbound conversation platform.,,,"Cupertino, USA",,,,,,,,,,,51-250,,,,,,,,,,,,,Outbound conversation platform,Speaker Account,RevTech / GTM SaaS,
2080da8d-1138-4f43-a7cc-0a4bb7654292,revelesco.com,Revelesco,London-HQ'd revenue leadership advisory.,,,"London, UK",,,,,,,,,,,1-10,,,,,,,,,,,,,Revenue leadership advisory,Speaker Account,RevTech / GTM SaaS,
2082b16f-125a-4004-a3b2-af82dcf8d6c1,sourcewhale.com,SourceWhale,London-HQ'd recruitment outbound tooling.,,,"London, UK",,,,,,,,,,,51-250,,,,,,,,,,,,,Recruitment outbound tooling,Speaker Account,RevTech / GTM SaaS,
208ab5ce-4c9c-4325-a995-362dca00f4ab,b2b-better.com,B2B Better,London-HQ'd b2b marketing media.,,,"London, UK",,,,,,,,,,,1-10,,,,,,,,,,,,,B2B marketing media,Speaker Account,GTM Service / Agency,
208b344a-3f3e-4912-ab13-076c5ec663b8,prettylittlemarketer.com,Pretty Little Marketer,London-HQ'd marketing education community.,,,"London, UK",,,,,,,,,,,1-10,,,,,,,,,,,,,Marketing education community,Speaker Account,GTM Service / Agency,
208afe61-13ab-471c-ab0e-70bc0dc6e8f8,brindis.co.uk,Brindis,Nottingham-based sales training.,,,"Nottingham, UK",,,,,,,,,,,1-10,,,,,,,,,,,,,Sales training,Speaker Account,GTM Service / Agency,
2089e551-23ef-4f9b-a8d0-f5f1fc1b06bb,vanillasoft.com,VanillaSoft,Plano-based sales engagement.,,,"Plano, USA",,,,,,,,,,,51-250,,,,,,,,,,,,,Sales engagement,Speaker Account,RevTech / GTM SaaS,
20827644-78a6-4b19-aabd-c1c871b30594,saastock.com,SaaStock,,,,"Dublin, Ireland",,,,,,,,,,,11-50,,,,,2026-06-17,,2026-06-17,,,1.0,Krzysztof Pawlak,Alex Theuma — Speaker (London 2027),SaaS community / events,Speaker Account,GTM Service / Agency,
2082f1a2-9c11-41ac-ac18-eb65c3b85807,stfo.io,STFO,Dublin-based positioning / gtm consultancy.,,,"Dublin, Ireland",,,,,,,,,,,1-10,,,,,,,,,,,,,Positioning / GTM consultancy,Speaker Account,GTM Service / Agency,
20861c62-d24f-4f58-a7fc-42571dbe1616,gtmstrategist.com,GTM Strategist,,,,"Ljubljana, Slovenia",,,,,,,,,,,,,,,,,,,,,,,,,Speaker Account,RevTech / GTM SaaS,
2082b9b9-2bd1-4979-af65-9670cde41802,springdrive.co,Spring Drive,London-HQ'd gtm engineering agency.,,,"London, UK",,,,,,,,,,,1-10,,,,,,,,,,,,,GTM engineering agency,Speaker Account,GTM Service / Agency,
2082f7dc-5ce9-470d-aa2f-b0a51bc1eee6,stackoptimise.com,StackOptimise,London-HQ'd gtm engineering / clay agency.,,,"London, UK",,,,,,,,,,,1-10,,,,,,,,,,,,,GTM engineering / Clay agency,Speaker Account,GTM Service / Agency,
20827c37-2a13-465e-ae3d-f42922b4de68,salescaptain.io,SalesCaptain,London-HQ'd clay / outbound agency.,,,"London, UK",,,,,,,,,,,11-50,,,,,,,,,,,,,Clay / outbound agency,Speaker Account,GTM Service / Agency,
20861c22-8925-4ab2-a42e-fcb9248908fb,gtm.quest,GTM Quest,,,,"London, UK",,,,,,,,,,,1-10,,,,,,,,,,,,,GTM engineering agency,Speaker Account,GTM Service / Agency,
20849ef6-8661-4ec1-a1bc-0161a00793e3,trigify.io,Trigify,Cardiff-based signal-based selling.,,,"Cardiff, UK",,,,,,,,,,,11-50,,,,,,,,,,,,,Signal-based selling,Speaker Account,RevTech / GTM SaaS,
2083705b-f69e-41ed-af8a-50384a71be6f,flowla.com,Flowla,London-HQ'd digital sales rooms.,,,"London, UK",,,,,,,,,,,11-50,,,,,,,,,,,,,Digital sales rooms,Speaker Account,RevTech / GTM SaaS,
208333fc-23f3-47a0-a189-c38ccbc314cb,fibbler.com,Fibbler,Stockholm-based demand gen / community.,,,"Stockholm, Sweden",,,,,,,,,,,1-10,,,,,,,,,,,,,Demand gen / community,Speaker Account,GTM Service / Agency,
20827c37-8f3e-456a-af83-cf4b45fa28c0,saleslabs.io,SalesLabs,,,,"Berlin, Germany",,,,,,,,,,,1-10,,,,,,,,,,,,,Outbound training,Speaker Account,GTM Service / Agency,
2084d2e4-9d96-456b-ab5c-fc1dc439f4cb,martechtribe.com,MartechTribe,,,,"Amsterdam, Netherlands",,,,,,,,,,,1-10,,,,,,,,,,,,,Martech analyst,Speaker Account,RevTech / GTM SaaS,
20814072-a47c-436c-a8e1-bd131157ad25,lagrowthmachine.com,La Growth Machine,Bordeaux-based multichannel prospecting.,,,"Bordeaux, France",,,,,,,,,,,11-50,,,,,,,,,,,,,Multichannel prospecting,Speaker Account,RevTech / GTM SaaS,
20865fd4-555b-48ed-a5a3-44a2bbc9d444,getcargo.io,Cargo,Paris-based revenue orchestration.,,,"Paris, France",,,,,,,,,,,11-50,,,,,,,,,,,,,Revenue orchestration,Speaker Account,RevTech / GTM SaaS,
2088efc3-568e-4990-a462-519a14dc5940,humanlinker.com,Humanlinker,Montpellier-based ai sales personalization.,,,"Montpellier, France",,,,,,,,,,,,,,,,,,,,,,,,,Speaker Account,AI / Infra,
20828479-f3b5-475e-a8a9-081ee6b76856,surfe.com,Surfe,Paris-based crm / linkedin integration.,,,"Paris, France",,,,,,,,,,,11-50,,,,,,,,,,,,,CRM / LinkedIn integration,Speaker Account,RevTech / GTM SaaS,
20831950-0dbf-4f39-a493-0af4cfb62a86,fullenrich.com,FullEnrich,Paris-based waterfall data enrichment.,,,"Paris, France",,,,,,,,,,,1-10,,,,,,,,,,,,,Waterfall data enrichment,Speaker Account,RevTech / GTM SaaS,
2084956a-ebd6-436a-a2c0-49c9d753689d,modjo.ai,Modjo,Paris-based conversation intelligence.,,,"Paris, France",,,,,,,,,,,51-250,,,,,,,,,,,,,Conversation intelligence,Speaker Account,RevTech / GTM SaaS,
2081196d-0035-4d34-ac5a-2908c305eb6d,evaboot.com,Evaboot,Paris-based linkedin / sales nav scraping.,,,"Paris, France",,,,,,,,,,,1-10,,,,,,,,,,,,,LinkedIn / Sales Nav scraping,Speaker Account,RevTech / GTM SaaS,
2080da83-d7dc-4699-ab1f-12ba85081fd0,revenueformula.substack.com,The Revenue Formula,Copenhagen-based revops media / podcast.,,,"Copenhagen, Denmark",,,,,,,,,,,1-10,,,,,,,,,,,,,RevOps media / podcast,Speaker Account,GTM Service / Agency,
2082251b-7468-46b4-a968-f2683ebd0c2a,snowflake.com,Snowflake,Bozeman-based data cloud.,,,"Bozeman, USA",,,,,,,,,,,5K-10K,,,,,,,,,,,,,Data cloud,Speaker Account,AI / Infra,
208c9e09-98c3-4395-a56c-50594e257a2f,cloud.google.com,Google Cloud,Warsaw-based cloud platform.,,,"Warsaw, Poland",,,,,,,,,,,10K-50K,,,,,,,,,,,,,Cloud platform,Speaker Account,AI / Infra,
208274ce-8fd3-41f5-a22b-622316ccd2f7,samsalesconsulting.com,#samsales Consulting,New York-based sales training.,,,"New York, USA",,,,,,,,,,,11-50,,,,,,,,,,,,,Sales training,Speaker Account,GTM Service / Agency,
2082a491-6ffb-4390-add2-74294cf385aa,scottleese.com,Scott Leese Consulting,Austin-based sales consultancy.,,,"Austin, USA",,,,,,,,,,,1-10,,,,,,,,,,,,,Sales consultancy,Speaker Account,GTM Service / Agency,
20842738-d91e-4c9c-a78d-8e8d084ffd48,thereeder.co,The Reeder,Austin-based sales content media.,,,"Austin, USA",,,,,,,,,,,1-10,,,,,,,,,,,,,Sales content media,Speaker Account,GTM Service / Agency,
208dd523-0597-43c4-aa4c-4f8f4c0343e9,joshbraun.com,Braun Training,New York-based sales training.,,,"New York, USA",,,,,,,,,,,1-10,,,,,2026-06-09,,2026-06-09,,,2.4,Artur Wala,Josh Braun — Speaker (London 2027),Sales training,Speaker Account,GTM Service / Agency,
2084d23f-9b63-4dad-a2d6-c5a7e3cee1e8,marcussheridan.com,IMPACT,Hartford-based inbound / keynote speaking.,,,"Hartford, USA",,,,,,,,,,,1-10,,,,,,,,,,,,,Inbound / keynote speaking,Speaker Account,RevTech / GTM SaaS,
208b6d6c-398f-4b53-a753-70f09d802a37,pierreherubel.com,Pierre Herubel,Paris-based content / demand gen education.,,,"Paris, France",,,,,,,,,,,1-10,,,,,,,,,,,,,Content / demand gen education,Speaker Account,RevTech / GTM SaaS,
2082b5da-b557-45f2-ad58-4719ae12b2a3,speakonpodcasts.com,Outbound Sales Tech,London-HQ'd fractional outbound.,,,"London, UK",,,,,,,,,,,1-10,,,,,,,,,,,,,Fractional outbound,Speaker Account,RevTech / GTM SaaS,
389a82f7-377f-4056-a6e6-f41477284bc3,www.cognism.com,Cognism Ltd,,,,"London, UK",,,,,,,,,,,,,,,,,,,,,,,,Sales intelligence / data,Sponsor Prospect,RevTech / GTM SaaS,
389aa026-1f55-4eb0-a03c-35b40d9874a0,apollo.com,Apollo,,,,"San Francisco, USA",,,,,,,,,,,,,,,,,,,,,,,,Sales intelligence / engagement,Sponsor Prospect,RevTech / GTM SaaS,
389a89f1-620a-4c6a-a86c-d252b03e9a84,clay.run,Clay Labs,,,,"New York, USA",,,,,,,,,,,,,,,,,,,,,,,,GTM data / automation,Sponsor Prospect,RevTech / GTM SaaS,
